# label	a	b	scenario	start	end	load	summary
A/A	ruxen-0.1.2	ruxen-0.1.2-copy	m1_hello	2026-10-06T21:50:20+02:00	2026-10-06T21:55:42+02:00	37.74	ruxen:ruxen-0.1.2-copy / ruxen:ruxen-0.1.2: 106.9% (geometric mean; median 100.2%, min 94.6%, max 161.5%, 8 pairs)
v012	nginx	ruxen-0.1.2	m1_hello	2026-10-06T21:55:42+02:00	2026-10-06T22:01:04+02:00	37.56	ruxen:ruxen-0.1.2 / nginx: 99.3% (geometric mean; median 99.4%, min 98.4%, max 99.8%, 8 pairs)
v012	nginx	ruxen-0.1.2	m1_no_keepalive	2026-10-06T22:01:04+02:00	2026-10-06T22:06:26+02:00	28.19	ruxen:ruxen-0.1.2 / nginx: 94.4% (geometric mean; median 94.6%, min 93.3%, max 94.9%, 8 pairs)
v012	nginx	ruxen-0.1.2	m1_keepalive_requests_1	2026-10-06T22:06:26+02:00	2026-10-06T22:11:48+02:00	27.73	ruxen:ruxen-0.1.2 / nginx: 94.5% (geometric mean; median 94.5%, min 92.5%, max 97.2%, 8 pairs)
v012	nginx	ruxen-0.1.2	m3_static_1k	2026-10-06T22:11:48+02:00	2026-10-06T22:17:10+02:00	37.60	ruxen:ruxen-0.1.2 / nginx: 103.2% (geometric mean; median 103.3%, min 102.6%, max 103.5%, 8 pairs)
v012	nginx	ruxen-0.1.2	m3_static_1k_low_concurrency	2026-10-06T22:17:10+02:00	2026-10-06T22:22:30+02:00	11.51	ruxen:ruxen-0.1.2 / nginx: 99.6% (geometric mean; median 98.5%, min 96.2%, max 103.9%, 8 pairs)
v012	nginx	ruxen-0.1.2	m3_static_1k_no_keepalive	2026-10-06T22:22:30+02:00	2026-10-06T22:27:52+02:00	30.32	ruxen:ruxen-0.1.2 / nginx: 90.5% (geometric mean; median 90.5%, min 89.4%, max 91.5%, 8 pairs)
v012	nginx	ruxen-0.1.2	m5_conditional_304	2026-10-06T22:27:52+02:00	2026-10-06T22:33:14+02:00	36.65	ruxen:ruxen-0.1.2 / nginx: 96.2% (geometric mean; median 96.1%, min 95.6%, max 96.8%, 8 pairs)
v012	nginx	ruxen-0.1.2	m5_if_modified_since_304	2026-10-06T22:33:14+02:00	2026-10-06T22:38:36+02:00	37.98	ruxen:ruxen-0.1.2 / nginx: 95.9% (geometric mean; median 95.9%, min 95.5%, max 96.2%, 8 pairs)
v012	nginx	ruxen-0.1.2	m5_range_206	2026-10-06T22:38:36+02:00	2026-10-06T22:43:57+02:00	39.09	ruxen:ruxen-0.1.2 / nginx: 104.5% (geometric mean; median 104.7%, min 103.9%, max 104.9%, 8 pairs)
v012	nginx	ruxen-0.1.2	m5_range_open_ended_206	2026-10-06T22:43:57+02:00	2026-10-06T22:49:19+02:00	37.01	ruxen:ruxen-0.1.2 / nginx: 104.3% (geometric mean; median 104.5%, min 103.3%, max 104.8%, 8 pairs)
v012	nginx	ruxen-0.1.2	m5_range_suffix_206	2026-10-06T22:49:19+02:00	2026-10-06T22:54:41+02:00	37.38	ruxen:ruxen-0.1.2 / nginx: 104.5% (geometric mean; median 104.5%, min 103.8%, max 105.1%, 8 pairs)
v012	nginx	ruxen-0.1.2	m19_stream_1m	2026-10-06T22:54:41+02:00	2026-10-06T23:00:03+02:00	32.31	ruxen:ruxen-0.1.2 / nginx: 101.2% (geometric mean; median 101.2%, min 100.8%, max 101.7%, 8 pairs)
v012	nginx	ruxen-0.1.2	m19_stream_1m_low_concurrency	2026-10-06T23:00:03+02:00	2026-10-06T23:05:21+02:00	9.50	ruxen:ruxen-0.1.2 / nginx: 93.1% (geometric mean; median 92.8%, min 89.1%, max 98.9%, 8 pairs)
v012	nginx	ruxen-0.1.2	m19_stream_128m	2026-10-06T23:05:21+02:00	2026-10-06T23:10:44+02:00	30.37	ruxen:ruxen-0.1.2 / nginx: 96.3% (geometric mean; median 96.0%, min 94.0%, max 98.9%, 8 pairs)
v012	nginx	ruxen-0.1.2	static_8k	2026-10-06T23:10:44+02:00	2026-10-06T23:16:06+02:00	37.28	ruxen:ruxen-0.1.2 / nginx: 99.9% (geometric mean; median 99.8%, min 99.2%, max 100.4%, 8 pairs)
v012	nginx	ruxen-0.1.2	add_header_many	2026-10-06T23:16:06+02:00	2026-10-06T23:21:28+02:00	38.42	ruxen:ruxen-0.1.2 / nginx: 100.9% (geometric mean; median 100.9%, min 100.3%, max 101.6%, 8 pairs)
v012	nginx	ruxen-0.1.2	auth_basic_hello	2026-10-06T23:21:28+02:00	2026-10-06T23:26:50+02:00	36.56	ruxen:ruxen-0.1.2 / nginx: 105.4% (geometric mean; median 105.5%, min 104.9%, max 105.9%, 8 pairs)
v012	nginx	ruxen-0.1.2	error_page_intercept	2026-10-06T23:26:50+02:00	2026-10-06T23:32:12+02:00	37.79	ruxen:ruxen-0.1.2 / nginx: 100.7% (geometric mean; median 100.8%, min 100.4%, max 101.1%, 8 pairs)
v012	nginx	ruxen-0.1.2	rewrite_hello	2026-10-06T23:32:12+02:00	2026-10-06T23:37:34+02:00	39.44	ruxen:ruxen-0.1.2 / nginx: 98.2% (geometric mean; median 98.1%, min 97.8%, max 98.9%, 8 pairs)
v012	nginx	ruxen-0.1.2	vars_map	2026-10-06T23:37:34+02:00	2026-10-06T23:42:56+02:00	37.85	ruxen:ruxen-0.1.2 / nginx: 96.0% (geometric mean; median 95.9%, min 95.7%, max 96.8%, 8 pairs)
v012	nginx	ruxen-0.1.2	proxy_hello	2026-10-06T23:42:56+02:00	2026-10-06T23:48:18+02:00	39.70	ruxen:ruxen-0.1.2 / nginx: 96.2% (geometric mean; median 96.3%, min 95.1%, max 97.0%, 8 pairs)
v012	nginx	ruxen-0.1.2	tls_hello	2026-10-06T23:48:18+02:00	2026-10-06T23:53:41+02:00	35.14	ruxen:ruxen-0.1.2 / nginx: 109.6% (geometric mean; median 109.8%, min 106.2%, max 111.7%, 8 pairs)
v012	nginx	ruxen-0.1.2	m1_hello_c1	2026-10-06T23:53:41+02:00	2026-10-06T23:59:01+02:00	1.11	ruxen:ruxen-0.1.2 / nginx: 92.5% (geometric mean; median 92.5%, min 90.6%, max 94.5%, 8 pairs)
v012	nginx	ruxen-0.1.2	m1_hello_c4096	2026-10-06T23:59:01+02:00	2026-10-07T00:04:24+02:00	37.75	ruxen:ruxen-0.1.2 / nginx: 97.2% (geometric mean; median 97.2%, min 96.5%, max 98.0%, 8 pairs)
v012	nginx	ruxen-0.1.2	static_8k_c4096	2026-10-07T00:04:24+02:00	2026-10-07T00:09:47+02:00	38.03	ruxen:ruxen-0.1.2 / nginx: 97.2% (geometric mean; median 97.3%, min 96.7%, max 97.5%, 8 pairs)
v012	nginx	ruxen-0.1.2	proxy_hello_c32	2026-10-07T00:09:47+02:00	2026-10-07T00:15:08+02:00	16.77	ruxen:ruxen-0.1.2 / nginx: 103.7% (geometric mean; median 103.9%, min 101.6%, max 105.7%, 8 pairs)
v012	nginx	ruxen-0.1.2	tls_hello_c32	2026-10-07T00:15:08+02:00	2026-10-07T00:20:29+02:00	11.03	ruxen:ruxen-0.1.2 / nginx: 107.3% (geometric mean; median 107.3%, min 100.3%, max 116.1%, 8 pairs)
v012	nginx	ruxen-0.1.2	redirect_301	2026-10-07T00:20:29+02:00	2026-10-07T00:25:52+02:00	37.33	ruxen:ruxen-0.1.2 / nginx: 97.1% (geometric mean; median 97.2%, min 96.6%, max 97.4%, 8 pairs)
v012	nginx	ruxen-0.1.2	vars_render	2026-10-07T00:25:52+02:00	2026-10-07T00:31:15+02:00	37.60	ruxen:ruxen-0.1.2 / nginx: 96.7% (geometric mean; median 96.7%, min 96.4%, max 97.0%, 8 pairs)
v012	nginx	ruxen-0.1.2	args_render	2026-10-07T00:31:15+02:00	2026-10-07T00:36:38+02:00	37.75	ruxen:ruxen-0.1.2 / nginx: 96.3% (geometric mean; median 96.3%, min 95.6%, max 96.8%, 8 pairs)
v012	nginx	ruxen-0.1.2	set_if	2026-10-07T00:36:38+02:00	2026-10-07T00:42:01+02:00	36.69	ruxen:ruxen-0.1.2 / nginx: 91.5% (geometric mean; median 91.4%, min 91.4%, max 91.6%, 8 pairs)
v012	nginx	ruxen-0.1.2	split_clients	2026-10-07T00:42:01+02:00	2026-10-07T00:47:24+02:00	39.60	ruxen:ruxen-0.1.2 / nginx: 95.5% (geometric mean; median 95.6%, min 94.6%, max 96.0%, 8 pairs)
v012	nginx	ruxen-0.1.2	map_regex_50	2026-10-07T00:47:24+02:00	2026-10-07T00:52:46+02:00	36.84	ruxen:ruxen-0.1.2 / nginx: 84.1% (geometric mean; median 84.0%, min 83.0%, max 85.3%, 8 pairs)
v012	nginx	ruxen-0.1.2	add_header_vars	2026-10-07T00:52:46+02:00	2026-10-07T00:58:09+02:00	38.77	ruxen:ruxen-0.1.2 / nginx: 93.5% (geometric mean; median 93.5%, min 93.0%, max 93.9%, 8 pairs)
v012	nginx	ruxen-0.1.2	rewrite_captures	2026-10-07T00:58:09+02:00	2026-10-07T01:03:32+02:00	37.69	ruxen:ruxen-0.1.2 / nginx: 92.8% (geometric mean; median 93.0%, min 92.1%, max 93.3%, 8 pairs)
v012	nginx	ruxen-0.1.2	error_page_named	2026-10-07T01:03:32+02:00	2026-10-07T01:08:55+02:00	39.70	ruxen:ruxen-0.1.2 / nginx: 99.1% (geometric mean; median 99.0%, min 98.6%, max 100.2%, 8 pairs)
v012	nginx	ruxen-0.1.2	many_request_headers	2026-10-07T01:08:55+02:00	2026-10-07T01:14:18+02:00	37.84	ruxen:ruxen-0.1.2 / nginx: 94.3% (geometric mean; median 94.4%, min 93.7%, max 94.7%, 8 pairs)
v012	nginx	ruxen-0.1.2	regex_locations_50	2026-10-07T01:14:18+02:00	2026-10-07T01:19:40+02:00	39.17	ruxen:ruxen-0.1.2 / nginx: 67.9% (geometric mean; median 67.9%, min 67.3%, max 68.2%, 8 pairs)
v012	nginx	ruxen-0.1.2	prefix_locations_200	2026-10-07T01:19:40+02:00	2026-10-07T01:25:02+02:00	38.12	ruxen:ruxen-0.1.2 / nginx: 96.6% (geometric mean; median 96.7%, min 94.3%, max 98.1%, 8 pairs)
v012	nginx	ruxen-0.1.2	vhost_exact_100	2026-10-07T01:25:02+02:00	2026-10-07T01:30:25+02:00	39.13	ruxen:ruxen-0.1.2 / nginx: 95.9% (geometric mean; median 95.9%, min 95.1%, max 96.7%, 8 pairs)
v012	nginx	ruxen-0.1.2	vhost_wildcard_50	2026-10-07T01:30:25+02:00	2026-10-07T01:35:48+02:00	37.32	ruxen:ruxen-0.1.2 / nginx: 93.5% (geometric mean; median 93.7%, min 92.6%, max 94.2%, 8 pairs)
v012	nginx	ruxen-0.1.2	vhost_regex_20	2026-10-07T01:35:48+02:00	2026-10-07T01:41:11+02:00	36.65	ruxen:ruxen-0.1.2 / nginx: 74.5% (geometric mean; median 74.5%, min 74.1%, max 74.7%, 8 pairs)
v012	nginx	ruxen-0.1.2	static_0b	2026-10-07T01:41:11+02:00	2026-10-07T01:46:33+02:00	37.91	ruxen:ruxen-0.1.2 / nginx: 98.4% (geometric mean; median 98.3%, min 98.1%, max 99.2%, 8 pairs)
v012	nginx	ruxen-0.1.2	static_16k	2026-10-07T01:46:33+02:00	2026-10-07T01:51:54+02:00	39.31	ruxen:ruxen-0.1.2 / nginx: 98.7% (geometric mean; median 98.7%, min 98.3%, max 99.2%, 8 pairs)
v012	nginx	ruxen-0.1.2	static_64k	2026-10-07T01:51:54+02:00	2026-10-07T01:57:16+02:00	35.94	ruxen:ruxen-0.1.2 / nginx: 99.2% (geometric mean; median 99.3%, min 98.9%, max 99.5%, 8 pairs)
v012	nginx	ruxen-0.1.2	static_256k	2026-10-07T01:57:16+02:00	2026-10-07T02:02:38+02:00	32.79	ruxen:ruxen-0.1.2 / nginx: 105.3% (geometric mean; median 105.1%, min 104.1%, max 106.2%, 8 pairs)
v012	nginx	ruxen-0.1.2	static_1k_sendfile_off	2026-10-07T02:02:38+02:00	2026-10-07T02:08:00+02:00	38.98	ruxen:ruxen-0.1.2 / nginx: 96.9% (geometric mean; median 97.0%, min 96.3%, max 97.5%, 8 pairs)
v012	nginx	ruxen-0.1.2	static_1m_sendfile_off	2026-10-07T02:08:00+02:00	2026-10-07T02:13:22+02:00	31.35	ruxen:ruxen-0.1.2 / nginx: 99.9% (geometric mean; median 100.0%, min 99.3%, max 100.6%, 8 pairs)
v012	nginx	ruxen-0.1.2	static_index	2026-10-07T02:13:22+02:00	2026-10-07T02:18:44+02:00	37.91	ruxen:ruxen-0.1.2 / nginx: 99.3% (geometric mean; median 99.4%, min 98.7%, max 99.7%, 8 pairs)
v012	nginx	ruxen-0.1.2	try_files_hit	2026-10-07T02:18:44+02:00	2026-10-07T02:24:05+02:00	39.35	ruxen:ruxen-0.1.2 / nginx: 103.1% (geometric mean; median 103.1%, min 102.3%, max 103.8%, 8 pairs)
v012	nginx	ruxen-0.1.2	try_files_fallback	2026-10-07T02:24:05+02:00	2026-10-07T02:29:27+02:00	37.00	ruxen:ruxen-0.1.2 / nginx: 103.8% (geometric mean; median 103.8%, min 103.3%, max 104.5%, 8 pairs)
v012	nginx	ruxen-0.1.2	alias_1k	2026-10-07T02:29:27+02:00	2026-10-07T02:34:48+02:00	37.86	ruxen:ruxen-0.1.2 / nginx: 103.3% (geometric mean; median 103.4%, min 102.3%, max 104.2%, 8 pairs)
v012	nginx	ruxen-0.1.2	expires_1k	2026-10-07T02:34:48+02:00	2026-10-07T02:40:10+02:00	39.26	ruxen:ruxen-0.1.2 / nginx: 94.2% (geometric mean; median 94.1%, min 93.7%, max 94.7%, 8 pairs)
v012	nginx	ruxen-0.1.2	autoindex_100	2026-10-07T02:40:10+02:00	2026-10-07T02:45:33+02:00	27.62	ruxen:ruxen-0.1.2 / nginx: 39.9% (geometric mean; median 40.1%, min 37.6%, max 41.9%, 8 pairs)
v012	nginx	ruxen-0.1.2	access_log_hello	2026-10-07T02:45:33+02:00	2026-10-07T02:50:55+02:00	40.65	ruxen:ruxen-0.1.2 / nginx: 93.7% (geometric mean; median 93.7%, min 92.9%, max 94.6%, 8 pairs)
v012	nginx	ruxen-0.1.2	access_log_static_1k	2026-10-07T02:50:55+02:00	2026-10-07T02:56:16+02:00	40.79	ruxen:ruxen-0.1.2 / nginx: 98.6% (geometric mean; median 98.7%, min 97.9%, max 99.3%, 8 pairs)
v012	nginx	ruxen-0.1.2	post_1k_return	2026-10-07T02:56:16+02:00	2026-10-07T03:01:38+02:00	37.76	ruxen:ruxen-0.1.2 / nginx: 100.1% (geometric mean; median 99.9%, min 99.4%, max 100.8%, 8 pairs)
v012	nginx	ruxen-0.1.2	proxy_post_1k	2026-10-07T03:01:38+02:00	2026-10-07T03:07:00+02:00	38.50	ruxen:ruxen-0.1.2 / nginx: 96.3% (geometric mean; median 96.3%, min 95.9%, max 97.0%, 8 pairs)
v012	nginx	ruxen-0.1.2	proxy_post_64k	2026-10-07T03:07:00+02:00	2026-10-07T03:12:23+02:00	29.05	ruxen:ruxen-0.1.2 / nginx: 51.5% (geometric mean; median 51.5%, min 51.2%, max 51.8%, 8 pairs)
v012	nginx	ruxen-0.1.2	proxy_no_upstream_keepalive	2026-10-07T03:12:23+02:00	2026-10-07T03:17:44+02:00	31.59	ruxen:ruxen-0.1.2 / nginx: 21.2% (geometric mean; median 20.9%, min 20.5%, max 22.6%, 8 pairs)
v012	nginx	ruxen-0.1.2	proxy_rr4	2026-10-07T03:17:44+02:00	2026-10-07T03:23:06+02:00	38.78	ruxen:ruxen-0.1.2 / nginx: 94.2% (geometric mean; median 94.2%, min 93.4%, max 94.8%, 8 pairs)
v012	nginx	ruxen-0.1.2	proxy_least_conn4	2026-10-07T03:23:06+02:00	2026-10-07T03:28:28+02:00	36.24	ruxen:ruxen-0.1.2 / nginx: 94.9% (geometric mean; median 94.8%, min 94.2%, max 95.6%, 8 pairs)
v012	nginx	ruxen-0.1.2	proxy_headers_vars	2026-10-07T03:28:28+02:00	2026-10-07T03:33:49+02:00	37.09	ruxen:ruxen-0.1.2 / nginx: 93.6% (geometric mean; median 93.6%, min 93.2%, max 94.3%, 8 pairs)
v012	nginx	ruxen-0.1.2	proxy_64k	2026-10-07T03:33:49+02:00	2026-10-07T03:39:11+02:00	38.19	ruxen:ruxen-0.1.2 / nginx: 74.7% (geometric mean; median 74.6%, min 73.6%, max 75.8%, 8 pairs)
v012	nginx	ruxen-0.1.2	proxy_1m	2026-10-07T03:39:11+02:00	2026-10-07T03:44:34+02:00	34.96	ruxen:ruxen-0.1.2 / nginx: 54.8% (geometric mean; median 54.7%, min 54.5%, max 55.1%, 8 pairs)
v012	nginx	ruxen-0.1.2	proxy_intercept	2026-10-07T03:44:34+02:00	2026-10-07T03:49:56+02:00	32.79	ruxen:ruxen-0.1.2 / nginx: 2502.2% (geometric mean; median 2508.7%, min 2454.0%, max 2541.3%, 8 pairs)
v012	nginx	ruxen-0.1.2	proxy_redirect_302	2026-10-07T03:49:56+02:00	2026-10-07T03:55:17+02:00	36.33	ruxen:ruxen-0.1.2 / nginx: 93.9% (geometric mean; median 94.1%, min 92.7%, max 94.5%, 8 pairs)
v012	nginx	ruxen-0.1.2	proxy_xar	2026-10-07T03:55:17+02:00	2026-10-07T04:00:39+02:00	29.70	ruxen:ruxen-0.1.2 / nginx: 4.1% (geometric mean; median 4.1%, min 4.0%, max 4.2%, 8 pairs)
v012	nginx	ruxen-0.1.2	proxy_client_no_keepalive	2026-10-07T04:00:39+02:00	2026-10-07T04:06:01+02:00	36.45	ruxen:ruxen-0.1.2 / nginx: 84.3% (geometric mean; median 84.3%, min 83.5%, max 84.8%, 8 pairs)
v012	nginx	ruxen-0.1.2	tls12_hello	2026-10-07T04:06:01+02:00	2026-10-07T04:11:24+02:00	36.28	ruxen:ruxen-0.1.2 / nginx: 109.6% (geometric mean; median 110.3%, min 106.3%, max 111.2%, 8 pairs)
v012	nginx	ruxen-0.1.2	tls13_handshake	2026-10-07T04:11:24+02:00	2026-10-07T04:16:48+02:00	24.46	ruxen:ruxen-0.1.2 / nginx: 104.0% (geometric mean; median 103.9%, min 97.5%, max 111.0%, 8 pairs)
v012	nginx	ruxen-0.1.2	tls12_handshake	2026-10-07T04:16:48+02:00	2026-10-07T04:22:11+02:00	24.41	ruxen:ruxen-0.1.2 / nginx: 104.6% (geometric mean; median 104.6%, min 104.4%, max 104.8%, 8 pairs)
v012	nginx	ruxen-0.1.2	tls13_rsa_handshake	2026-10-07T04:22:11+02:00	2026-10-07T04:27:34+02:00	23.47	ruxen:ruxen-0.1.2 / nginx: 104.8% (geometric mean; median 103.4%, min 99.8%, max 114.7%, 8 pairs)
v012	nginx	ruxen-0.1.2	tls_static_1k	2026-10-07T04:27:34+02:00	2026-10-07T04:32:57+02:00	38.83	ruxen:ruxen-0.1.2 / nginx: 110.7% (geometric mean; median 110.8%, min 110.2%, max 111.2%, 8 pairs)
v012	nginx	ruxen-0.1.2	tls_static_1m	2026-10-07T04:32:57+02:00	2026-10-07T04:38:20+02:00	34.85	ruxen:ruxen-0.1.2 / nginx: 95.3% (geometric mean; median 95.4%, min 94.4%, max 96.1%, 8 pairs)
v012	nginx	ruxen-0.1.2	tls_proxy_hello	2026-10-07T04:38:20+02:00	2026-10-07T04:43:43+02:00	36.57	ruxen:ruxen-0.1.2 / nginx: 102.2% (geometric mean; median 102.2%, min 101.7%, max 102.9%, 8 pairs)
A/A-nginx	nginx	nginx	m1_hello	2026-10-07T04:43:43+02:00	2026-10-07T04:49:06+02:00	37.57	nginx / nginx: 100.1% (geometric mean; median 99.9%, min 99.5%, max 101.4%, 8 pairs)
A/A	ruxen-0.1.2	ruxen-0.1.2-copy	proxy_hello	2026-10-07T04:49:06+02:00	2026-10-07T04:54:27+02:00	38.61	ruxen:ruxen-0.1.2-copy / ruxen:ruxen-0.1.2: 100.3% (geometric mean; median 100.3%, min 99.6%, max 101.5%, 8 pairs)
v012	nginx	ruxen-0.1.2	proxy_ext_hello	2026-10-07T04:54:27+02:00	2026-10-07T04:59:50+02:00	19.19	ruxen:ruxen-0.1.2 / nginx: 107.4% (geometric mean; median 107.9%, min 99.2%, max 114.8%, 8 pairs)
v012	nginx	ruxen-0.1.2	proxy_ext_no_keepalive	2026-10-07T04:59:50+02:00	2026-10-07T05:05:12+02:00	14.89	ruxen:ruxen-0.1.2 / nginx: 109.5% (geometric mean; median 110.4%, min 104.4%, max 113.5%, 8 pairs)
v012	nginx	ruxen-0.1.2	proxy_ext_64k	2026-10-07T05:05:12+02:00	2026-10-07T05:10:34+02:00	18.24	ruxen:ruxen-0.1.2 / nginx: 97.2% (geometric mean; median 95.9%, min 89.6%, max 105.6%, 8 pairs)
v012	nginx	ruxen-0.1.2	proxy_ext_1m	2026-10-07T05:10:34+02:00	2026-10-07T05:15:57+02:00	40.82	ruxen:ruxen-0.1.2 / nginx: 55.1% (geometric mean; median 55.2%, min 54.0%, max 55.8%, 8 pairs)
v012	nginx	ruxen-0.1.2	proxy_ext_post_1k	2026-10-07T05:15:57+02:00	2026-10-07T05:21:19+02:00	18.68	ruxen:ruxen-0.1.2 / nginx: 116.5% (geometric mean; median 115.6%, min 103.7%, max 136.5%, 8 pairs)
v012	nginx	ruxen-0.1.2	proxy_ext_post_64k	2026-10-07T05:21:19+02:00	2026-10-07T05:26:42+02:00	34.35	ruxen:ruxen-0.1.2 / nginx: 93.7% (geometric mean; median 93.6%, min 93.4%, max 93.9%, 8 pairs)
v012	nginx	ruxen-0.1.2	proxy_ext_xar	2026-10-07T05:26:42+02:00	2026-10-07T05:32:03+02:00	25.48	ruxen:ruxen-0.1.2 / nginx: 7.1% (geometric mean; median 7.1%, min 6.6%, max 7.6%, 8 pairs)
regress	ruxen-0.1.1	ruxen-0.1.2	m1_hello	2026-10-07T05:32:03+02:00	2026-10-07T05:37:25+02:00	37.08	ruxen:ruxen-0.1.2 / ruxen:ruxen-0.1.1: 100.3% (geometric mean; median 100.4%, min 99.6%, max 100.9%, 8 pairs)
regress	ruxen-0.1.1	ruxen-0.1.2	proxy_hello	2026-10-07T05:37:25+02:00	2026-10-07T05:42:47+02:00	38.55	ruxen:ruxen-0.1.2 / ruxen:ruxen-0.1.1: 100.0% (geometric mean; median 99.9%, min 99.5%, max 100.7%, 8 pairs)
regress	ruxen-0.1.1	ruxen-0.1.2	tls_hello	2026-10-07T05:42:47+02:00	2026-10-07T05:48:11+02:00	35.21	ruxen:ruxen-0.1.2 / ruxen:ruxen-0.1.1: 100.0% (geometric mean; median 100.4%, min 96.3%, max 101.9%, 8 pairs)
regress	ruxen-0.1.1	ruxen-0.1.2	static_8k	2026-10-07T05:48:11+02:00	2026-10-07T05:53:33+02:00	39.23	ruxen:ruxen-0.1.2 / ruxen:ruxen-0.1.1: 99.9% (geometric mean; median 100.0%, min 98.3%, max 100.9%, 8 pairs)
regress	ruxen-0.1.1	ruxen-0.1.2	m19_stream_1m	2026-10-07T05:53:33+02:00	2026-10-07T05:58:55+02:00	37.01	ruxen:ruxen-0.1.2 / ruxen:ruxen-0.1.1: 100.6% (geometric mean; median 100.4%, min 99.9%, max 102.0%, 8 pairs)
w8	nginx	ruxen-0.1.2	regex_locations_50_w8	2026-10-07T05:58:55+02:00	2026-10-07T06:04:17+02:00	13.33	ruxen:ruxen-0.1.2 / nginx: 71.0% (geometric mean; median 71.0%, min 67.7%, max 74.1%, 8 pairs)
w8	nginx	ruxen-0.1.2	vhost_regex_20_w8	2026-10-07T06:04:17+02:00	2026-10-07T06:09:40+02:00	14.12	ruxen:ruxen-0.1.2 / nginx: 75.7% (geometric mean; median 76.6%, min 70.2%, max 79.7%, 8 pairs)
w8	nginx	ruxen-0.1.2	autoindex_100_w8	2026-10-07T06:09:40+02:00	2026-10-07T06:15:02+02:00	8.36	ruxen:ruxen-0.1.2 / nginx: 73.9% (geometric mean; median 74.1%, min 72.2%, max 75.0%, 8 pairs)
w8	nginx	ruxen-0.1.2	prefix_locations_200_w8	2026-10-07T06:15:02+02:00	2026-10-07T06:20:24+02:00	16.43	ruxen:ruxen-0.1.2 / nginx: 107.9% (geometric mean; median 110.1%, min 97.2%, max 111.8%, 8 pairs)
A/A-2	ruxen-0.1.2	ruxen-0.1.2-copy	m1_hello	2026-10-07T06:40:36+02:00	2026-10-07T06:45:58+02:00	38.31	ruxen:ruxen-0.1.2-copy / ruxen:ruxen-0.1.2: 100.5% (geometric mean; median 100.2%, min 99.5%, max 102.8%, 8 pairs)
